False Positive Rate,True Positive Rate,Thresholds
0.0,0.0,inf
0.0,0.0625,0.9999882
0.0,0.25,0.9998148
0.0,0.375,0.9997737
0.0,0.4375,0.99894494
0.0,0.5625,0.99839395
0.0,0.625,0.9958313
0.058823529411764705,0.625,0.9451331
0.058823529411764705,0.8125,0.8050272
0.11764705882352941,0.8125,0.7873299
0.11764705882352941,0.9375,0.47018284
0.23529411764705882,0.9375,0.28631058
0.23529411764705882,1.0,0.19336718
1.0,1.0,0.00057357975
